source,target
1736,4822633
1090466,9380
1736,5150
1407498,2857839
1271085,3
1245,4860682
1129647,1736
271738,884
4854321,8655
1231717,226366
1107809,8655
207070,89289
4854335,8655
1245,4785
2141479,226366
15899,40276
1889722,3
118372,4425469
1245,20747
2975,5542275
116341,3
4854320,8655
3087,61241
10468,13301
1201337,1331
1391387,7202
17194,18471
22860,334719
2204260,2975
1814694,226366
18471,54423
1331,76851
226366,933558
8349,9251
1245,1374727
52057,776
1271128,3
334719,5838
15899,5249987
12073,65717
1331,2781982
118372,4425468
1739,218798
1245,12929
1036174,216728
1331,2832838
123255,334719
196537,89289
107322,1483153
1736,1893
1385443,18471
1819858,8349
19742,3249989
1281001,52057
1736,3493
78021,97823
2581806,571562
1736,2946583
7075,9893
226366,4888761
216075,97823
2778,7491
2098137,8349
3087,47756
1331,2082764
104617,226366
216140,2975
14320,44897
114674,15899
1005788,107515
2727676,89289
118752,226366
1004624,1245
1720041,18471
2285635,74611
334719,57756
231778,3
8655,8667
1331,1332
1292753,1331
1245,1713975
555312,89289
2101521,8655
14320,19133
120724,1407498
4301544,74611
51792,6384
14320,70440
1019,92416
1331,186448
18471,18475
1736,80619
1331,2082767
16298,52057
1223812,8349
1841463,8655
1610254,19742
1191103,1331
13301,5750251
145073,544472
2391828,8351
1331,1501855
1245,139900
1271059,3
1348591,3814904
3,3432157
5606,8349
349,73177
18471,76094
2975,7244
1331,4461219
1174008,884
3084,7174
3,489
145073,28608
88450,97823
1866197,65717
32718,89289
1107983,932497
1213158,80874
110380,1120787
226366,74568
216140,63739
1245,91606
1331,2109069
1736,65769
1245,66776
27637,7202
132539,3
3087,3143
226366,2596977
1331,75264
1025337,8655
1173099,1736
26660,31309
1297243,210773
2291142,74611
13301,172365
291263,298410
1407495,58959
185950,2778
74611,78160
146084,884
19742,3220622
2975,5542287
1736,3465751
1216947,3
145073,25976
1209251,2975
1209245,3054098
161945,2778
2101520,8655
167363,3087
1298360,18471
3,8943
123012,334719
2975,52057
214943,89289
1099751,884
1717,2975
2975,4741912
1730654,65553
18471,18472
1331,1336161
4854338,8655
107375,19742
15899,4483
152638,52057
1331,1828292
13301,325
13301,960479
110380,5287091
530,9380
5916,8349
3,42269
1812,74611
13301,88186
2778,31071
1490,89289
1331,2832880
1492029,8655
1232331,334719
1209246,2975
3,7211
4301542,74611
1245,19272
1134882,13301
1331,1414764
18471,77025
74611,83414
13301,13643
1107983,2694262
107515,33259
1611613,2778
10739,1245
119520,3173
18471,1897
1245,228954
2109575,226366
1209245,9380
1736,76512
4411206,74611
1306735,3
7202,85
118372,1931805
210826,226366
117,1331
1757648,6384
1739,3685213
2172202,226366
1373737,1736
1331,2082710
1736,226366
3853486,80874
15899,1642849
19742,2694265
2975,4888761
1558881,52057
107515,6240
1215055,1736
1231281,74611
2975,31309
1331,2082765
571562,98392
2975,30315
107322,483327
112684,57799
65717,83271
1245,221611
107515,16501
1999048,226366
52057,931039
155983,65717
103853,7202
4854336,8655
1183443,3
110516,1331
2975,8354
1407495,4840589
2341410,2778
1348591,5837137
29522,3084
1245,136921
218366,75841
1736,74931
1259,13301
110695,7202
3084,81970
1019,2975
118372,72208
107322,1139338
145073,1460964
13301,28134
102809,52057
1736,2887712
1107983,5554529
1019,47156
3087,99788
1100,1245
2975,45581
1036174,999580
1461,18471
226366,4094225
107515,72132
1107983,2400103
7074,9893
114831,89289
1723910,78576
110380,3157670
120560,1245
30812,7202
2220823,884
118372,4425465
107322,189996
1631358,226366
2975,74568
1224857,13301
571562,60279
571562,61983
4854322,8655
2025035,97823
33663,97823
60737,74611
1407498,2438643
1422337,18471
1404390,3173
65553,76140
16525,3087
3,8256
14151,3087
50974,571562
14386,3084
1245,2472344
19742,5413729
1461461,78576
2080646,65717
1238232,1331
15048,334719
39545,76069
52057,94435
1107983,3189367
103901,13301
1739,36821
107323,2975
12206,1331
1331,2595022
1203314,8655
1019,1433678
4294859,8655
584,6384
1271096,3
1918850,226366
7202,8655
1107983,3238711
1290584,19742
1245,60898
1107983,155766
1271079,3
13301,65314
1173999,884
1036174,1837833
10690,210773
161776,97823
1736,231857
1736,59844
120686,13301
1271127,3
159948,2975
1299613,45581
208833,226366
1278784,349
2975,8349
1107983,5554795
226366,38939
1776,9560
106242,884
3,70417
1265056,226366
1245,42691
1407498,2710
2975,9378
237405,884
1407495,5423535
100601,9893
1407495,4359973
1456760,226366
1019,1430253
105584,1331
1331,75256
1019,1112385
4255,8655
1360008,18471
107515,56871
2048507,97823
1331,25134
1812017,218366
1204189,1240816
1280986,52057
1245,1979183
1331,56450
571562,939345
1891226,226366
1245,12891
2969,884
1776,2559324
3,70772
1443708,226366
1331,1590834
9893,9894
2122756,334719
171689,226366
1711562,18471
3084,51762
58906,8655
15899,3141
1250671,3
110380,1507612
349,40258
3085,3087
18471,9780
15899,3753742
10565,13301
117642,12214
1541178,1736
106147,97823
3084,4068
3084,4025854
1331,1476970
226366,2504614
138986,884
52057,9137
1331,3766690
18471,95517
1736,545195
126228,145073
12791,65524
1736,63764
1028426,1245
13301,18688
139,884
1036174,4346163
1715736,3
1194197,97823
103853,7129
129868,1736
6564,8351
17306,4232716
1331,1382
2778,84678
18471,580695
13301,43726
1174793,52057
15899,79076
13301,15193
1240816,17306
1120883,1245
226366,4094194
884,99
1776,8750
1228679,8349
13301,939928
20011,8349
13240,18471
1578632,226366
32494,97823
1331,1725125
2119084,226366
588647,97823
226366,292214
1348591,1914958
1325915,8350
7167,884
1736,2299
1485552,1736
1455238,1739
18471,2837376
15197,3
1245,3664
1245,4756
17306,3143277
1291186,8349
1503034,3087
3,79489
1331,1972757
102429,3087
226366,2504648
1739,4017137
1456745,226366
107515,1076915
2303,7202
1240816,78576
53,884
1943,3173
1245,86128
13301,30715
15899,34985
1209245,2975
1245,3673493
1331,1399823
3600047,65717
73960,97823
12214,1371050
8655,8661
1331,1394451
9378,9380
1331,7249
226366,3565686
2342448,7202
1331,76834
1739,8656
2363574,97823
70877,7202
1331,1366
110380,3986651
15829,334719
13301,2505255
13301,1473100
2922446,9893
1245,73457
226366,65717
107322,3950923
1107983,1129399
226366,2469401
166120,3
1321848,57799
1407495,1859661
18471,583838
12214,1359361
226366,76461
145073,1760041
1331,156371
1348591,1692795
1245,2378190
52057,74354
3087,3280
103853,3101218
226366,2784051
1739,51550
7079,9893
1166,3
18471,6941
118372,2320763
159468,226366
1744782,334719
1107983,3034732
1392200,19742
100503,3087
218366,75472
1331,2089117
74611,93528
1278693,13023
1245,17181
1916696,2778
4854362,8655
1195602,3
1173998,884
1331,2089833
1739,9274
148111,334719
1217771,1331
2778,33684
107322,864414
11678,1245
157434,8655
1193021,1331
8655,8658
110380,1827327
160589,97823
1262952,31309
1544194,9893
1292476,1736
1776,2559325
1760280,97823
31309,97772
8655,8665
107322,3549343
13301,181408
1878558,884
7202,97823
1407495,4706745
1736,2666286
1245,1362844
32461,9893
19303,3
1245,18998
107322,1519729
1331,2531569
1012651,13301
1030513,226366
2165,884
3084,41226
1736,4174034
13301,4610
175120,8655
163248,19742
68301,9893
122512,571562
1331,2082732
18471,4344194
1331,1440014
1739,41253
108,3
219382,3
4854333,8655
8655,8670
2545,884
1739,98596
1036174,74090
1245,1787408
18471,6944
18471,18476
1245,187565
18471,935545
7086,9893
1220206,3084
5313735,65717
1739,79050
13301,74042
1245,1580598
1245,52792
226366,2305430
1198603,298410
3084,63358
1225106,3084
3387062,8350
107322,1801182
1739,9295
11703,1736
1407498,1875841
13301,4669
3,30979
226366,2975
15899,1815194
1262956,31309
15899,2569490
158967,1739
2025042,97823
56367,74611
13301,84932
117314,1331
2484934,349
1331,1706653
2104889,226366
1331,4461235
1736,64213
74611,92178
1186354,1331
2778,68929
58769,74611
2975,74611
82702,89289
1107983,555316
20903,226366
10965,1776
107515,72450
1209256,9380
15899,216140
103,1245
181452,2778
138,884
529,532
1102260,2349593
13301,180615
1354657,226366
1776,1970993
1270880,3
1245,212003
1245,16851
4854337,8655
1331,582967
1111682,52057
226366,4094221
226366,25703
3,652
1424954,3
12415,3087
13301,1694951
1407498,78501
1893064,884
1245,40173
19742,2086735
145073,36911
12791,770
571911,80874
15899,5249985
13301,70261
15899,66554
1847898,75131
13023,1674235
115086,3
1308867,13301
1348591,167662
1545893,3
103853,120940
39545,57794
3087,82779
1008292,74611
2975,65717
1963069,65717
1272771,2778
8349,99885
1348591,5837134
52057,6930
130151,97823
13301,2351393
1107983,2826729
31309,3151
1739,59872
13301,1847406
298410,4079884
8349,87135
1402117,2975
3,86392
1174006,884
571562,66655
74611,964679
15152,3
1224317,884
1736,1800245
14895,8350
5313740,65717
74611,937009
191658,8349
15899,2332254
12214,2339151
1215522,1245
110001,13301
1086577,1407495
19742,5413723
226366,4094203
106811,3087
13301,14322
1955193,97823
1331,1668317
1461464,78576
132538,3
146392,226366
62036,97823
118372,66070
113461,13301
2778,70243
122451,13301
1245,1378833
1107983,2415974
1366927,18471
13301,1849298
18471,8691
107515,2975
4301541,74611
1723195,89289
1348591,1540615
1185286,3
5313744,65717
1271082,3
1107983,5555022
1210876,13301
133969,14320
1348591,5528354
113460,3
1036174,5130342
1228196,3084
1098068,13301
1561916,7202
38951,8655
226366,2505669
52057,58924
2879,8349
17306,25659
1407498,1875840
1245,4870542
1400110,3
1077303,2778
269139,884
1102260,2588394
1331,235025
11806,884
3084,68381
1292491,1736
12453,13301
12259,3
1107983,5554548
13301,1407993
10930,3
1001978,57799
1581646,3087
14508,80874
15899,519
1025686,1245
58552,884
1107983,3189460
1739,3017197
15515,80874
11701,1245
8655,8666
1756992,18471
118372,466505
141748,226366
2681783,74611
10279,1331
226366,2963
2585,3
1331,1424596
2778,4430
13301,929258
16754,3173
123526,19742
109439,75131
76496,884
1736,58744
21067,8350
1407495,5423532
2101525,8655
1736,75491
202402,3
117418,89289
18471,951993
3087,3279
21315,97823
5313731,65717
1739,7202
13301,240728
1245,3895
14999,52057
1107983,5554576
12055,8655
3,4012567
110380,57563
4090,52057
3291606,74611
3087,3353641
1454108,226366
1245,139820
13301,18308
1407495,3065411
3,8945
13473,52057
8350,9599
1245,525
13301,2640247
1245,54415
4854346,8655
226366,2507441
3663,7202
21702,3
1776,20766
182715,3
1219514,52057
16524,80874
13301,97351
1331,1892757
1292158,97823
1769,3087
1245,66221
131229,8349
130081,571562
1377370,14320
1245,2297907
14320,2685521
15899,70851
1640,7202
100907,7202
105057,2778
1072705,2778
49276,52057
63342,8349
1348591,1768965
2578741,97823
143786,334719
107322,1349330
52057,52597
1348591,3006308
1245,21134
7072,9893
12989,3
43524,7202
18471,2501104
1331,2082766
1331,2832843
3,50
2101509,8655
123879,1331
151680,65717
545358,89289
1281705,19742
13301,1692902
2204259,226366
3129,884
1776,7163
36811,89289
1348591,85138
1776,64
1331,1394433
1507846,18471
104149,3
52057,5320
1503036,3087
1331,1594403
2778,548085
1331,1739002
1331,1447518
1348591,1591212
1736,87312
14545,8349
13301,449538
1331,29094
1055173,8655
19742,86800
1245,59285
1348591,3934769
1447661,2778
1348591,2975
2968495,8655
1169818,97823
151007,1776
1519595,18471
1209244,2975
1230441,8655
65908,884
1133955,13301
1922,52057
1271107,3
1198148,97823
19742,5413781
166258,3
1900168,6384
1245,216676
19742,5413759
5281329,97823
1209245,1756358
1331,2832863
226366,80149
13301,1789250
1240816,12791
23975,3173
18471,187812
1227251,13301
228428,334719
2034458,216140
12095,65717
1245,2487737
13301,60473
1348591,2807739
13301,2751173
1107983,3189473
52057,8857
4429,884
13301,1858685
1736,5605
111195,1245
1610941,18471
200523,97823
226366,2504604
1331,1771750
19742,5413696
1407498,1875844
1169225,2778
1245,2378191
2605127,3084
13301,1730707
151961,3
113,1331
3084,6593
1212995,3087
155267,226366
145073,544409
3087,3281
151253,15899
12791,2296
1245,61880
13301,235435
118372,2645971
1212706,15899
1245,1706314
10764,3
1473,52057
105686,349
145073,7202
2975,6384
1176324,13301
52057,7134
1776,20215
1121,1245
20144,8349
4301587,74611
10959,3
1245,1604967
1871458,2778
3,6818
1245,1957145
107515,91351
14668,3
3087,3144
1325931,97823
1245,6968
2975,8350
13724,8349
118372,4425484
3087,76064
129394,1331
15899,1772622
18471,4344220
1038,52057
3,3556
1245,56523
1188878,89289
226366,5699
2975,550106
192,8655
3086,3087
3173,9597
1245,2746017
1102260,1240816
1142191,1331
1407495,3098445
1313615,2778
10850,1407498
1348591,5837148
12214,548398
17816,334719
1099717,18471
8655,8672
3061,8349
1331,65731
1245,58473
12214,19137
2098139,8349
172747,57799
1107983,1544133
1209254,2975
131625,3
128203,8655
1107983,7172
33343,78576
1331,2537855
1036174,4024031
1776,4517
1331,2832875
1407495,5423537
13301,2505634
4854315,8655
1503039,3087
1331,1483257
1348591,5837132
13301,22646
2166356,226366
13301,238825
8655,8663
1272766,2778
1447788,52057
16808,1736
15903,334719
1012562,3
1331,1333
107322,1194788
13301,80586
1245,172069
1457481,226366
11089,1736
226366,2528107
123258,334719
2975,3
2166741,8349
2778,96082
1348591,67600
1119345,13301
1736,209513
13301,52139
18471,4344190
1430217,3
1331,2082731
1776,3769
1245,567973
107322,1285716
1736,60874
1736,68180
1475891,2778
1107983,1180815
3,95778
15899,1642804
52057,80928
1739,3828463
3087,68186
2818940,89289
1245,5731299
9380,9384
3087,4111331
19742,2588671
1245,2378189
5313741,65717
160291,3
38225,74611
107322,3950930
50463,52605
1320,1331
116488,8349
1407495,5423534
15899,52605
14320,31140
1348591,3006310
2778,46392
2326451,3
13301,76594
1209245,192944
1407498,1875842
1245,2020904
74611,930705
21198,226366
12214,56890
1217871,13301
1107983,88094
107515,1946696
2140901,3
19508,571562
1532851,7202
1019,1442697
148693,1736
2578055,97823
1331,1369
218366,57593
31309,89289
1227348,13301
1212434,216140
1271124,3
4854316,8655
173193,89289
1198454,18471
1219295,571562
13301,21037
15899,20748
1736,35091
19742,2291222
1736,58528
139474,334719
3084,31844
107515,72988
13936,52057
15899,18471
1209245,1218244
2846278,8655
12214,31903
34982,571562
2681814,74611
1331,1687370
1291965,1736
110380,1586276
2778,980367
2548127,9893
1098036,52057
1252472,226366
1228886,75131
13301,6485
1348591,2648625
13301,1730710
15899,1765068
31162,571562
62,884
3173,77586
1348591,3030440
226366,571562
30269,52057
2085351,226366
1245,2298443
6588,884
1107983,184421
3,711
3173,65166
10223,1776
1348591,140567
145073,537581
1497291,31309
118372,1700631
18471,4344224
107700,3
1512188,1736
16939,8349
236489,89289
1250051,89289
1267158,89289
1331,1802028
206926,226366
119589,226366
1214171,226366
3,663
1736,18071
26753,2975
1650331,226366
1011669,18471
226366,2555587
1330,1331
52057,68926
1214345,1331
1776,1970997
2488,3
1723915,78576
5632,8349
13301,32715
110380,120575
1271125,3
1107983,3189461
1036174,5130348
15899,7852
1736,3603785
1274299,884
1936061,97823
1407495,1505807
19742,3009818
1424471,1739
117714,3
1280183,89289
1407498,2320880
65911,884
1107983,79473
13301,707
2975,9383
103853,1281832
1348591,14391
39545,9380
1209245,1915148
103853,2975
1736,45210
151318,3
13301,9245
1613049,226366
122378,8349
15899,35111
1221716,74611
17306,5659015
1331,4461205
1240816,210773
4300063,8655
133853,3087
1348591,52775
3387054,8350
118372,1908800
1736,19300
1229,8350
103853,1959113
3084,92706
1133063,1736
118372,2975
5823,74611
1331,4461234
19742,225931
3,5676
2939219,3087
14406,74611
131,226366
1910993,2778
1223657,1407498
118372,4425474
1331,15296
16035,1739
1235248,13301
1107983,5554979
11472,1776
19742,5413773
110380,73988
1044195,1736
156702,3173
17643,3084
28413,3087
1271126,3
13301,16303
4854363,8655
1245,163768
1348591,226001
1331,9443
1019,1188827
3087,99724
227342,8655
1245,1649152
14320,6932
2068548,226366
18471,21657
176969,8655
1407495,1720796
1230291,39545
1407495,2472695
1331,61907
12052,1245
1245,53650
2259923,74611
1245,52462
101251,1102260
1245,1642047
109803,13301
13301,20156
1183700,1331
1418901,74611
18471,2104697
556033,89289
923,9893
1306541,2778
2510107,97823
1245,58860
1217576,226366
18471,2632
3084,4110
19742,2291285
3084,3380
1331,941439
1245,84249
18471,25147
13301,3823084
3418,9893
236598,65717
19742,5413705
1348591,3006309
3,8664
3,5
1739,84878
1739,4942
181934,89289
226366,928698
5313723,65717
2975,571562
43461,8655
18471,1892
1505363,1736
15557,52057
2025043,97823
1503035,3087
2975,9376
3,658
115406,210773
206398,226366
31533,8655
3,3432156
2778,37469
118372,2000899
571562,86314
1160,1245
1265805,74611
1331,2832872
10205,8349
12214,13445
53684,89289
129437,52057
13301,72665
1310502,18471
15189,3
1245,2011373
4238,6384
160621,3087
1331,3128299
1215473,334719
19742,2291240
18471,77100
13301,4266356
13263,3173
4854329,8655
10743,1245
41214,8349
1331,1533328
39545,5020899
3131,65717
19742,2291223
174914,52057
226366,2507551
110380,1262093
104504,3087
1331,41784
1739,75006
3087,3095
1046359,65717
1407498,78798
1245,177765
2101507,8655
3,7907
1331,1709869
226366,2462879
1736,2536
1245,39459
1348591,3704035
505710,74611
1219573,8349
116315,571562
2396830,74611
52057,552527
14639,1776
15175,8349
1723196,89289
2319,884
168400,8349
1292159,97823
171005,3173
21105,97823
107515,2716478
107322,1519730
2334696,52057
110411,9380
107515,53937
118372,3112229
1035,7202
1616338,1736
10374,884
145073,2229652
1723911,78576
1204189,2975
1348591,2252708
3961524,97823
1524033,18471
1060492,110380
1082381,89289
1245,17292
1107983,1780320
154615,1736
1245,17489
132621,97823
1245,62831
18471,42290
1280998,52057
2090,3084
10767,1776
349,568297
122889,1736
226366,350
51551,65717
7082,9893
107515,6972
7202,73963
1348591,1855060
14523,31309
2101512,8655
1331,4764442
1240816,19051
17306,58873
1736,22383
132257,13301
1245,1475235
2101526,8655
1407495,4625505
107515,162339
1209253,2975
1038939,1245
1107983,2939212
4301592,74611
1177838,216140
107322,3950929
1407498,32600
162432,3
3,7202
1245,4784
1271106,3
1084730,7202
1736,3402563
3,79957
1736,2705767
2778,45001
32804,7202
110380,146687
24625,3
1230439,3
3387075,8350
107322,3950925
2342448,2975
4854304,8655
52057,587018
2495753,3087
16327,23548
1140092,1331
151463,80874
1331,2082772
1348591,66896
14320,6678
13301,1599975
13301,26265
20752,3087
1107983,5554572
1101349,1407495
13301,2264381
1245,9048
226366,2596994
1072046,1736
107322,1327240
1331,67126
1107983,1231277
1245,155792
108917,1245
1245,193141
1056121,1245
18471,4344205
71727,74611
1245,2053053
2750,2778
1233541,3087
1353289,571562
1736,2614684
7080,9893
1348591,5837131
107515,2737177
15852,52605
63522,74611
5313736,65717
1331,2082714
2282,8349
120826,1245
110380,5287081
1245,58224
1271064,3
3,4242581
1331,565361
175082,52057
19189,89289
4854318,8655
1331,2461
1019,4464
1230729,13301
1331,2832865
1037108,1736
4300035,8655
334719,58828
14320,65552
1107983,2954
496175,89289
1245394,9893
1731075,7202
3087,3096
18471,2975
4301540,74611
100871,14320
2691175,334719
1331,1475104
1245,37421
1245,15556
218366,61810
31649,52057
15899,23659
13301,235437
19742,4764456
1209245,90755
1407495,2007763
15899,9575
110319,3
7083,9893
1348591,5837136
226366,884
13301,77069
94097,97823
1736,59873
2770,8349
19742,5606912
1245,527
13301,6352
1232268,1331
1019,1442701
1736,2463618
1214463,97823
18471,205231
1736,5081
110380,120581
13301,3968156
550106,7202
103853,5399505
1245,1379821
13301,1724902
1181937,3
1736,3952653
1184209,18471
12214,1262612
1245,4870541
1942273,298410
13301,4237
13301,5749273
2,3
1245,41640
1062,9893
518,9893
1331,2082708
107129,13301
4854359,8655
1230027,3
13301,24281
1245,78729
5313730,65717
1245,1442722
3387072,8350
1891350,97823
102792,13301
1675638,1736
5313727,65717
210773,78398
12791,5538
107322,939479
100552,2778
1245,1895760
13301,1590333
15886,15899
2535,52057
14320,73586
1348591,180279
1245,5292
1245,60073
226366,2504660
138988,52057
75131,75711
1245,56689
1739,4017167
6938,884
1036174,2600220
1572550,3
884,8975
1407498,360193
160947,3
1407495,5423531
1245,2260935
1923868,6384
134,1736
2327950,3087
13301,16862
17306,1850834
2975,9372
1671532,532
2106,52057
18471,51944
18471,82754
6885,74611
13023,7202
1447579,57799
18471,4733
1209245,5252349
2922449,9893
1200415,1331
1736,69494
1638233,89289
13301,5682
1525043,65717
17306,3913997
5000211,89289
1410781,8655
89289,91433
1396608,97823
1238842,13301
5657,9893
155549,226366
14320,19454
118372,2542244
7202,8354
2098142,8349
3,650
1110339,13301
1331,4461225
1170892,1736
3197719,532
1102260,2349592
571562,75037
145073,39184
1219688,226366
10750,2778
1073034,1348591
1245,30082
1331,4764494
2231,89289
1201,334719
1010959,107515
42910,8349
1348591,29222
19578,884
11665,1736
13301,1360606
1932093,6384
1542561,75131
19540,571562
1331,235023
226366,7624
226366,81380
1331,4461223
2101514,8655
13301,82756
105866,13301
1091965,2778
226366,4094163
2714,571562
1245,2559822
1240816,23548
3,87744
1271104,3
47877,80874
24278,3
225620,52057
110380,1600272
21860,884
1137185,89289
13301,18500
1107983,58098
1331,972356
13301,1573387
144988,97823
1245,452205
1979,884
1642831,7202
1130205,334719
226366,587506
18471,78303
3087,69948
13301,2727155
1245,62050
571562,75039
218366,2975
107322,2412920
1331,1371
1411149,15899
571562,81382
1019,1442704
13301,3797471
2975,884
1407495,76669
1920041,3173
4495,74611
1240816,4741912
1331,37625
1091580,12214
1245,1517836
1315492,89289
1331,139780
3,55892
1292492,1736
1107983,555311
2134511,298410
4301594,74611
210773,32203
14320,77133
1263216,89289
103835,8349
2975,38803
7202,8349
14837,74611
1019,1440936
117470,1348591
107322,1296567
1757777,2975
1736,19453
3084,7202
1331,4764496
3,30848
2098140,8349
1229839,3
1331,2082666
1019,1442696
3,491
1331,67134
2334693,52057
1107983,154068
1416398,3
1407498,2791510
1416396,226366
1676797,18471
11059,2778
2484940,349
240,8655
1131514,2778
2557249,39545
1407498,1735828
118372,1218648
13301,947
1331,8682
1331,1709868
1331,1961636
1251847,78576
75131,9827
1331,4764471
19742,5413755
143346,571562
566294,7202
162754,3173
8350,9885
1503033,3087
216140,448526
110380,5287078
13301,2338789
31661,8349
65553,69900
110380,3469323
1299481,1407498
107515,3593561
226366,2551677
3391,884
1776,3097
2975,8351
18471,4344213
1245,2768431
112490,13301
1292489,1736
1240816,30315
1402117,7202
119598,15899
1209294,3087
12214,39187
15899,52997
4854326,8655
3,4515
1292481,1736
1821863,226366
18471,2482
1331,173431
1243844,13301
10437,226366
1292475,1736
1245,1760879
3,7908
1736,61510
138031,97823
12214,82639
1493736,1736
3387076,8350
1049119,13301
1271065,3
1736,20805
1195748,1736
13301,77271
57755,6384
2268673,9893
1331,4937
214910,2778
3084,4053943
126072,3087
107322,1269275
3107001,74611
1082853,2778
5313737,65717
1729623,3
1280248,1331
1245,82929
1223721,89289
1776,2871
11184,3
19044,7202
1779261,8349
1331,1361093
1245,4870556
349,38570
59410,74611
1736,2767277
1223614,74611
2101517,8655
1245,41505
13301,77070
52057,76519
107322,1519727
14320,3345420
107322,939091
1723194,89289
14320,68606
13301,3435337
2175140,3
5195317,89289
1121193,19742
97823,98451
16119,52057
1292493,1736
110380,74266
185986,3
45581,540520
2524496,65717
3,739
1083010,1245
1407498,64181
15899,57119
1331,4461199
23628,89289
13301,3968171
1107983,3034740
334719,68652
1624860,2778
18471,1861185
15761,571562
10138,18471
2975,31383
1407495,4701821
12214,1240816
13301,1360467
18471,74036
1245,231713
12214,4886
1407498,2495669
107322,1631044
18746,884
1109702,226366
1736,934281
12214,2388
107322,1208617
1107983,1120760
1572549,3
15659,3087
16563,8655
1174002,884
2975,7202
18471,1947524
3173,6905
1112872,1331
1290647,19742
1213795,3087
3563647,65717
1107983,87769
3087,3091
160728,3087
1036174,5130344
13301,1698449
4301535,74611
4854310,8655
1736,38582
2975,57799
118372,4425463
26495,65717
1245,12898
1072039,884
1117799,31309
1174007,884
3206,884
1212913,52057
1792851,226366
1633566,75131
1454295,89289
181454,2778
532,535
1776,63714
145151,334719
13301,3796012
2749,2778
1183419,2778
118372,85757
107322,173450
52603,8655
3,3847917
1331,2155635
19742,5413780
235727,80874
18471,40462
51962,89289
1245,1767250
1003792,1245
1098091,13301
66606,89289
18471,56322
16752,17306
121718,226366
1736,4370527
1331,3052
1331,3232671
226366,2306593
1990682,226366
226366,2504641
13301,3778980
145073,2975
3087,5048
1175746,3173
1297252,210773
3532149,52057
110380,4131066
33162,89289
13301,927850
1292480,1736
1036174,2312162
1736,4544330
15413,1739
45216,57799
3087,99846
1280988,52057
2922447,9893
39545,5037939
4226014,74611
118372,4425476
1107983,3386836
15899,81200
1002674,13301
1910991,2778
154583,1736
2684405,89289
1551615,1736
1367239,65717
1407486,15899
1331,2652031
1331,2089079
10090,19742
2025047,97823
1674603,18471
1107983,1784778
2778,7202
12214,47404
15328,6384
107322,1287835
1245,69597
2778,522
3,58475
1776,648
1736,565498
103853,120939
226366,4094227
230252,2778
1331,2082669
1962692,226366
20128,3
13301,2192580
2101508,8655
12890,1407498
3173,7675
3087,3174
1331,1340023
161354,97823
108177,3173
18471,2191245
1245,88966
2101524,8655
1213364,15899
1453790,226366
19742,5413761
1245,1727276
1212478,3084
1271068,3
54967,80874
1331,1947882
154917,3173
1503041,3087
3600050,65717
1245,7796
149277,7202
13301,154783
226366,87363
18471,4344222
18471,1933049
2075486,74611
1271069,3
137386,884
8655,8671
2075485,74611
145073,20947
1107983,2102588
1245,234806
118372,3991425
228,65717
103853,5399494
1331,2231244
66586,89289
1107983,1214281
1127164,97823
13301,3435340
13301,13567
23628,2975
1348591,5837133
27742,3173
1736,47859
30487,8655
19742,2489177
1107983,1230070
212562,9380
2778,938895
2101527,8655
103853,5399499
1357865,884
3084,3417
18471,204711
1019,1353300
15899,67773
152727,3
2274016,884
1348591,3814905
171297,226366
13301,1724903
1776,2556
2539012,57799
226366,62863
13301,37935
126901,13301
1331,9380
7071,9893
226366,2842817
1739,58649
107515,42694
190453,3
23548,5406947
6108,8349
13301,974494
2048523,97823
2975,97823
1736,2781676
104458,97823
3,664
226366,78320
11321,8655
1331,1372
107515,22227
145073,145076
1245,1979176
1245,2267329
1532851,2975
13301,1789249
31266,8349
2101519,8655
1245,234805
1331,1373
1331,2082662
226366,2505692
1445768,226366
3084,47775
1271070,3
2782,3
15358,3
1088980,65553
103853,27547
1736,1765916
17696,226366
6937,884
3087,3333
168320,1739
1048002,13301
2277,8350
1107983,4359001
3,690
1209249,2975
12214,2234003
1245,17605
3173,78396
1331,2858189
1106335,2778
1120457,97823
12214,17199
1776,7087
1671758,97823
1217265,1245
54433,8655
24937,74611
2450276,97823
1219050,89289
1245,13309
107515,1367620
13301,3288076
1331,2082756
2818046,8349
1331,1628130
1331,2082771
181214,2975
13301,2597433
13301,4347
3563646,65717
3,3392
33399,884
1271122,3
105042,2778
1271081,3
15899,7399
3,47401
1206190,1736
10676,3084
2847710,3
1009367,1331
15899,33613
146253,97823
1249557,65717
1739,4017143
1331,4007360
226366,2507550
1313,1331
122260,18471
2173025,226366
2870,3087
1245,2517
2975,40839
12791,1844
1931888,19742
226366,5113257
1331,1383
107322,1299610
226366,298410
1180936,210773
1446043,1736
183640,52057
1028454,1245
4854343,8655
1407498,2413513
15899,4799221
12147,3084
1223082,1245
3,47520
5313721,65717
1348591,1713725
128,1331
1407498,1523704
1348591,1517267
1214573,19742
1000883,18471
1019,1442708
1107983,2855535
19742,1988433
13301,2888
13301,44549
226366,2504601
1407498,206100
1331,2082718
13784,3084
57799,9380
162522,226366
1041787,52057
1288731,1407498
19742,2694263
1245,1580574
3,500
15899,1716724
2975,9384
1407495,3931769
116884,13301
52057,73351
18471,4570
58635,74611
1739,590220
215157,884
2975,3165802
15854,52057
118372,4425477
1212053,14320
1225443,3084
3264453,7202
13301,76142
18471,2191244
3087,933716
1245,2296235
13301,152759
1019,1442705
10017,2778
1245,44060
118372,59315
226366,62064
1245,1267329
1152,13301
39545,4461720
10024,3173
1407495,219479
14253,3173
13301,9168
1107983,2151684
115768,89289
52057,89289
28010,334719
1245,1468400
118372,4425472
107515,1218268
1107983,3189429
15899,87819
39545,75129
145073,2629153
12829,3
1292483,1736
1107983,3189479
1736,2037
152917,1739
13301,418
15899,31
2484942,349
19742,5413756
3387069,8350
12214,2234002
2739683,2778
1916698,2778
1107983,1457534
145073,932592
110380,2065569
18471,2257
13301,54604
1331,2082705
1331,2082734
8349,9284
1245,51329
1407495,1681669
13578,3084
5313713,65717
3301633,74611
2315295,74611
154857,226366
13299,18471
1120207,13301
2638330,884
19742,2291251
1844669,6384
1271061,3
1221663,18471
226366,2507552
2101510,8655
1092208,7202
207116,65717
151339,1739
109322,1736
13301,1430
1019,1348437
50096,571562
1209252,2975
14320,3096516
13570,3084
1051358,7202
3,53587
1646992,8655
145073,35050
107322,1338049
1331,1399794
10001,3084
1407498,64182
1348591,2635381
1245,1638528
2682391,74611
1280992,52057
3,45982
68368,9893
17306,176695
1245,125024
103478,13023
3087,3171
1331,173451
1245,1487
1107983,18892
132856,97823
103853,1191888
1245,12835
1736,2975
1331,4461230
19742,2291214
26283,97823
18471,77896
1245,62856
7073,9893
1245,44845
3137,884
52057,59329
13301,938130
19742,5413776
1618700,19742
23548,3285082
1049916,226366
19106,3173
13301,8967
2975,52605
109799,13301
1739,95200
1321411,65717
145073,592727
1269,3
1331,15869
117828,1407498
1503049,3087
1348591,1384513
7036,884
1275904,1331
1245,6461
1280996,52057
139473,1407498
3034,532
4854309,8655
1198496,3
2060803,226366
13301,4299
101901,3173
13301,3499837
1503037,3087
5313732,65717
2112,8349
1209250,9380
2975,298410
1245,178557
1331,2975
13301,191275
1240816,2975
1090466,2975
11162,884
1245,234808
12208,13301
3084,4053940
151657,884
1107983,2680464
1209248,9380
1808636,18471
13301,71425
1331,2591607
15899,9572
216140,83195
1736,3317998
122441,1331
1224841,18471
103934,13301
1593455,2778
1523983,97823
3617,9893
15899,33285
1245,66555
1348591,1614041
127281,1736
19742,5413706
195003,8349
1604970,89289
13301,5555
1228363,78576
2975,5542280
110380,1518028
110380,5287058
1122377,89289
1776,179215
1331,1643129
20973,3087
3387058,8350
1348591,67602
107023,884
19742,2291213
198,884
1331,29082
349,7202
13301,3712897
18471,7531
18917,210773
1941887,218366
1776,44950
1271071,3
2778,8988
13301,5750256
115768,2975
11477,1776
1019,1442707
11885,8655
3,655
1123118,2778
324315,52057
3,4908582
107515,206637
1520024,3
110039,13301
11086,210773
408,97823
13301,69445
2221,8655
1226770,1331
14320,1848629
32233,6384
180649,216140
17449,8655
53476,6384
52057,8535
145073,2359033
4301536,74611
2484941,349
226366,2597021
3173,72864
110380,1507614
3087,7202
1407495,1645237
1107983,56011
1067187,884
13301,90389
3214,884
1671528,532
38914,7202
1407498,2630436
3084,94759
13301,96767
118372,2550161
8655,8659
2630,7202
1025680,89289
1177915,884
1736,2090109
1102260,1887800
1811,8350
4854361,8655
3,4
1122375,89289
1212003,14320
10400,13301
18471,51666
7202,9264
1356096,45581
12214,1244469
226366,928419
192268,52057
15009,226366
19742,2291234
1107983,5554544
18471,1896
1459067,884
17306,240633
13301,141823
13023,19197
1150,13301
11805,884
107322,1304164
1729660,3
1245,17736
2778,81799
116,12791
129786,13301
14414,89289
1274297,884
1213279,1331
1271075,3
15831,571562
1209245,38888
1723919,78576
12366,884
1019,4457
1271131,3
3087,3353640
3083392,884
571562,78494
1932970,89289
110380,95779
3173,7202
1107983,12987
65903,884
2216410,226366
107515,23959
1245,40389
1331,1674266
1331,173384
214919,89289
31549,884
2778,3136
1366552,1736
140079,14320
1429891,65717
10215,13301
1734564,226366
12214,1437576
52057,938901
1503045,3087
10295,1776
1407498,3257609
7084,9893
1291798,1736
1404319,2778
57799,58100
1023139,1245
1004,3087
18471,2012316
1407495,2057178
13301,8965
1331,1394235
18471,4344191
1736,21007
1682510,1736
1407495,2472694
1472882,226366
1348558,17306
1731075,2975
80966,8349
102708,15899
1735014,226366
1765331,226366
10691,226366
15899,56159
1348591,18050
13301,2351397
12897,1776
1292485,1736
1107983,5554616
1019,1442699
3250637,57799
217111,57799
226366,2358524
1245,1489211
1407495,2706257
2975,3084
2101511,8655
1709782,226366
1503050,3087
75715,9380
13301,2687965
168162,8655
1215064,1736
3,7727
118372,130565
9364,9380
145073,148345
12214,167831
334719,725
1331,2832876
3250638,57799
23548,67634
13301,1336884
24810,52057
1829030,226366
1331,4764467
12791,2975
118372,4425471
1542616,226366
57925,7202
1873002,8349
78576,934136
1209255,9380
1348591,15813
1245,16828
1019,1310986
18471,3357479
13301,50739
1776,9979
107322,3950924
74715,89289
1378034,8350
202276,3
1331,2373417
27993,571562
145145,65717
19801,3
3600056,65717
1245,51663
1057896,3
1679557,1736
138211,3087
1245,1956
3087,3413
63279,8349
13301,72740
19742,2291286
1245,2155
226366,587697
15899,27102
1556258,226366
190652,3
1523746,97823
884,8891
226366,4094217
4854312,8655
15899,976118
14320,157536
5919,78576
107322,21479
1331,4461229
218366,544968
159555,80874
17781,9893
110380,5287071
109418,3
1107983,1220602
13301,154782
112568,14320
13566,3084
1331,4461196
6565,8349
13301,61109
1692944,6384
1245,4870534
1209250,2975
15488,7202
17306,4492
1348591,2966856
1245,728
4076647,97823
1245,93019
2012497,226366
1107983,92881
10826,884
13023,2975
84710,97823
124368,1245
16847,8349
1023483,3
2778,42168
19742,89289
3961528,97823
1736,3162020
107322,1908137
13301,1657758
1036174,4660319
172696,226366
147,884
1174000,884
12214,25074
1182724,18471
12791,56262
1348591,213109
1245,944176
1245,1851154
1107983,2400114
1331,4461218
1240816,17311
12214,1475239
1107983,2998183
8655,95469
1249056,13301
103707,97823
1331,4461198
1148018,13301
19742,2864221
1036171,226366
1209245,1884110
1739,65827
170497,18471
191855,571562
19742,5413738
1193604,65717
2641,8349
13301,998387
1245,2719063
1124487,6384
110584,17306
13301,858
1507069,2778
17356,3
1331,20982
152486,75131
13301,59915
3,87841
138170,334719
1245,2762565
1331,2082755
1736,52442
1407495,4701817
107515,1182532
1022885,1245
1205819,3087
117180,3
12248,3
18471,85931
1107983,2877306
13301,4034705
8655,8668
12074,1245
105059,2778
3,60207
1736,36041
7202,8346
5313733,65717
80874,94030
1245,71189
110380,5287124
2101513,8655
230253,2778
13301,1730708
110380,89289
176829,226366
1230662,3
52057,76470
3,689
13301,93328
12047,8655
63236,97823
2925877,97823
4443,8351
107617,89289
2975,89289
226366,2507566
1519972,1736
13301,76146
1107983,12951
1736,71562
74568,87173
3,3799
13301,96091
15899,5726
1736,25129
1245,62561
226366,3208721
161942,97823
1331,1774435
8645,8655
2975,43524
17306,5659010
127387,226366
1331,2082763
2476795,65553
3054445,8655
13301,54605
1680929,74611
105838,1209245
1131122,13301
1331,1641201
1331,4461197
1120068,65553
1461459,78576
2239629,3084
13301,217536
52057,6748
15762,334719
3230914,97823
12214,26847
1280989,52057
2418360,334719
101032,97823
53552,80874
1261105,226366
1331,1439931
13301,220908
1331,1964391
5542287,7202
2975,349
1287673,884
1245,3217697
1407498,31363
1331,2095537
3544170,97823
1178140,3
1158017,13301
1277520,18471
3,8487
19742,2291209
2787630,89289
1196787,13301
1347338,8655
1579806,226366
1122063,334719
110380,21111
1245,2136301
31309,3146
1331,4764458
35705,52605
1192274,1348591
13301,543105
2926,3
1034253,31309
2975,532
1501314,57799
111946,3084
4854313,8655
32798,8349
1290631,19742
1107983,7633
141610,226366
5542264,7202
101661,1736
4177277,571562
1232728,89289
1179651,1245
210773,87568
12214,432393
1010896,13301
1271121,3
136195,9893
19742,2975
58955,78576
1107983,1346427
1107983,1230099
1245,15277
2887,7202
1407498,2975
145073,3427579
1209251,9380
14320,152704
1271095,3
10697,226366
1620226,571562
2684467,57799
226366,80823
31028,8655
131519,13301
13301,83463
144311,226366
107515,11152
19742,3842973
1107983,5555036
13301,66804
1245,82104
1407495,5423533
1736,2075067
1229963,8349
3087,3142
532,57371
1331,1939059
2334695,52057
108655,13301
1048565,17306
107379,118372
1184909,12214
3223,884
1212168,3
226366,61305
1245,41091
1116907,18471
1385221,2778
1736688,216140
1331,48
1245,29240
2025046,97823
1059186,107322
54855,884
31118,52057
14320,51549
51377,8349
1331,1434944
1206,15899
1736,5377
3,3304181
1209246,9380
107322,4084166
3,69249
1331,2229725
107322,1295260
27165,3
13023,939125
1429987,3
109255,8349
1452480,3
1757777,7202
1544193,9893
19742,5413722
19742,573774
110380,2975
323,532
1331,1365
1776,4951
1389201,97823
1245,19541
114293,1736
118372,4425481
1480276,1739
2891225,65717
18471,552139
1128194,2778
45581,62309
1107983,1727488
2098143,8349
1245,76742
1004584,110380
2778,819
18471,4344227
1348591,3814899
10127,2778
1701263,2975
1245,3110838
27098,52057
1076612,2778
1720901,2778
1331,236710
2014785,226366
226366,2581798
16418,571562
13301,60474
1107983,2440142
1739,1924539
18471,93752
18897,3
109800,13301
3084,4053947
1736,27770
3,686
107322,1362019
13301,24279
1331,2082768
71836,884
1331,1356914
12054,8655
1219579,1245
2778,2989584
1245,8447
3787166,7202
1245,964421
15827,334719
1739,182673
1616719,18471
16897,89289
1331,4461221
1331456,1348591
1231466,31309
1331,2082695
1107983,2488595
2122757,334719
3,78221
578,7202
5542272,7202
1461463,78576
226366,543505
4854369,8655
2301754,7202
2975,75131
1551617,1736
180486,210773
1746631,226366
12214,2975
1736,756648
2150931,3
19051,2975
21127,6384
13301,224943
13301,971937
2088545,3
532,536
3603162,74611
884,9292
145073,39497
3087,3088
216087,3
1245,1962705
17311,2975
37852,8350
2947417,97823
1107983,3189467
115081,13301
80437,8349
68503,7202
2778,2975
2204260,226366
16293,52057
10934,13301
154865,17306
1245,7487
13301,580232
226366,515
1068417,74611
1331,2082709
3,60196
1204219,1736
115755,334719
1739,90180
118372,1940928
1174005,884
107322,941413
1446,65553
1245,17052
3084,3635
13301,1395597
1245,964843
1736,3853422
1019,1442698
16475,8350
4854328,8655
1209256,2975
184980,3
1729657,3
2115809,74611
1461466,78576
14320,465117
1331,4764436
12214,2234006
13301,1688446
13301,92900
14393,1776
11770,349
1245,155209
1245,8212
18471,4344215
131006,210773
130,3
19742,2291233
18471,45648
1723918,78576
3087,78336
1736,76001
31309,3150
1393539,226366
1331,2082753
1036174,4246
18471,64185
3,581
9380,9383
571562,79051
18999,226366
1407918,1739
1331,1508690
122756,8349
1230105,89289
1736,58293
4854325,8655
1245,555249
1245,1911194
3961527,97823
4300062,8655
1348591,2220235
3,5415675
1292494,1736
1558263,8655
1245,1779567
4854355,8655
13301,19394
13301,2041
3519636,97823
13301,168702
1037,884
226366,4094198
1245,60136
13301,2351396
1776,7202
65907,884
1503040,3087
19742,5413692
121868,1348591
15112,3
3009816,74611
1331,2505313
2727677,89289
116756,571562
1293316,19742
1036174,5130341
145073,585664
1331,2832845
1407495,4675266
13301,2079295
1245,71580
1107983,1165240
1107983,2102583
1736,71375
102805,52057
26457,571562
13301,84933
1220199,13301
1038303,2778
116739,3087
1190780,3
226366,4094207
107515,117443
13301,1394997
334719,65534
1547914,571562
4854339,8655
2651240,65717
1233968,1739
14320,1539954
1717,226366
2487126,3
1245,938390
113674,1245
1331,2612649
107322,1354665
18471,4344199
18471,4344193
1331,1390005
1271116,3
52605,9278
107322,1268846
19742,2825508
1229137,1245
1083451,18471
18471,1939442
20739,52057
1271067,3
1567317,1776
1107983,5554998
1331,2832869
2778,516
1245,15554
1073850,7202
15899,6193
19742,65607
113782,97823
2975,334719
145073,2088728
1407498,3183371
118372,55638
1245,97844
2778,8261
8655,944
101221,2778
2799047,89289
1736,27319
1723913,78576
210773,2975
15899,2066323
122356,1331
13920,571562
3223431,7202
202711,3
1331,4461206
1407495,57906
10557,13301
118372,4425473
1331,4461216
3,3307
1245,8924
107322,7202
13301,982
1499514,52057
1245,130231
2036375,8655
1292482,1736
14333,1739
107322,1196319
4301561,74611
2390,571562
110380,1507613
1470587,7202
1352628,571562
148669,52057
4621342,8655
130640,226366
3600257,65717
1407495,3428824
2454569,571562
107515,2254984
11165,52057
7202,8351
1292351,226366
14320,199810
1331,1706654
1245,6165
3,4955
1432058,226366
1036174,4680534
1509454,571562
14320,98555
1407495,5364045
17142,226366
1245,16407
1709764,216140
102744,1245
1776,2554
1776,3974
1736,51636
13301,3968118
15899,65348
1327,1331
13301,2351408
1214221,89289
1331,2082762
8654,8655
74611,87933
31161,571562
1107983,5554993
12056,8655
1102260,2166308
3,47808
1434599,18471
2975,38914
1348591,95385
10734,3
3877305,74611
15899,2006855
1245,19576
124112,65717
23548,7868
13301,80622
1375036,2975
1240816,1701263
155547,226366
19742,3387525
139993,1736
1064428,1331
1235819,8349
12677,1776
2778,6449
1455336,226366
16459,1736
1777401,80874
23548,2975
3087,3145
13301,72743
7077,9893
7202,9893
110380,73989
1331,1828715
1245,51390
1209245,2034922
226366,4432
1245,1511113
1107983,89289
2042242,2975
177898,18471
532,540
1375036,226366
6717,8349
2022250,8349
15899,3232
1271078,3
12214,35192
1736,27740
1589685,1736
226366,990369
1348591,1975658
12134,2778
13301,15393
2101516,8655
15899,78589
151521,3173
1964443,97823
1225953,8349
22131,3173
12214,22108
118372,2542245
3084,4165
532,544
1059986,13301
10823,2778
3087,55672
1331,65
4854307,8655
1019545,1348591
1331,1789990
65605,89289
8258,8350
1516962,1736
1331,2082770
107322,3683173
1736,968089
171997,2975
13301,1442
1245,15555
1664821,7202
1647289,226366
1331,1709872
1613049,2975
2101523,8655
1331,3071846
4690,884
3087,45363
1107983,2102587
10592,334719
564,6384
14501,2778
53399,65553
14730,2778
1331,2082697
13301,5749247
43775,74611
1727519,1736
2148083,7202
15899,60017
1087696,1245
226366,2504653
1107983,1220721
1348591,5837147
110380,5287073
1245,1389892
13301,3008634
1245,22226
10657,3
2234525,65717
171997,226366
1148750,3
168211,97823
1245,2178
1151381,145073
13301,80623
107322,1348751
110380,2281224
156695,97823
252527,3
74611,77072
118372,2779399
21010,97823
3087,44860
1407495,177214
1245,15327
14320,3847008
31309,62923
10080,3
61178,6384
116128,3173
1245,81685
27763,2778
1305494,78576
1736,3529726
1209245,27755
1348591,3220952
201344,3
145073,239782
1206766,97823
1407495,5388726
1280990,52057
14320,154124
2291195,74611
1642221,8655
1201342,1331
18471,4344203
1179405,1331
10222,1776
118372,1463952
1209247,9380
10814,3
110380,5287082
110380,5287086
1218180,18471
334719,67228
13301,1661161
1214875,18471
3,687
1736,95979
218366,2455343
3087,3092
1245,35518
1274295,884
2975,5542272
55352,8655
1198460,1245
226366,932639
2727675,89289
7244,9380
1454441,226366
1437564,65717
15899,74086
14320,7202
1219617,57799
111455,74611
1348591,3153536
18471,63296
6201,74611
1245,1979170
1331,226504
1363155,226366
1983128,57799
3193167,7202
298410,98058
1107983,1157631
27957,7202
1367223,226366
1482975,9893
21830,7202
107515,1217599
2392906,2778
226366,582209
18471,18477
18471,3222051
15899,43976
1456640,52605
12111,1245
1739,4017142
2674016,97823
164614,571562
1331,1452721
3,58899
16297,52057
1098962,1348591
2235040,226366
15899,1642848
5576,65717
3084,4053946
226366,2507545
14320,2042272
2975,9380
1331,4764424
1107983,2975
1348591,228721
13301,39463
543132,97823
15565,89289
107322,1076675
13023,3201341
110380,5287072
2778,44999
52057,57862
4301586,74611
1674160,19742
2975,80874
1407495,4382584
1407495,1508246
1772250,884
18471,1884
334719,67287
16937,1736
3084,5049
1240816,31383
1099603,884
19742,550827
3,301657
1716590,226366
2025041,97823
107322,1908136
13301,1359276
1523611,3
133212,210773
103853,1279155
13301,82426
1331,1590835
1494221,226366
11161,97823
1245,1513992
13301,936973
13947,80874
68992,8349
20765,349
19742,2761602
226366,2507402
107322,107326
571562,61980
1736,6326
1739,18894
1107983,2301996
110380,5287079
2571346,8655
121668,13301
143439,1739
37714,8349
1227917,89289
1331,502
532,537
1786877,52057
1245,128057
1065168,107322
1121833,145073
1331,93110
1119476,349
27888,7202
1551618,1736
1245,2234460
5313715,65717
1331,1702561
18649,80874
1245,21278
226366,84496
136487,15899
1120,12214
19742,5413778
1736,202552
7447,884
1720057,19742
1331,4461217
3173,6463
2450278,97823
1271072,3
1107983,2400104
11483,1776
1070258,2778
10182,884
1249509,89289
17881,226366
26513,3084
1292479,1736
1107983,3170335
1216018,7202
145073,583361
3084,4053937
3,33185
119431,3087
1369035,52057
4854344,8655
1736,17838
1407495,78892
1245,13314
1245,234804
1355100,3
57799,85353
2605129,3084
3087,3094
1245,19278
12214,934844
110316,334719
13301,75308
3,91520
3264454,7202
3,964699
19742,2356303
3138,884
226366,37153
110380,5287074
75131,9380
1691382,226366
2983127,74611
19742,2351012
53916,7202
1229800,1245
1158,3087
167638,226366
1407498,2791509
1209244,9380
15899,4175
1331,7255
1776,4726
3,3044
13301,77088
2975,3173
160285,3
41249,8351
1310,1776
1122376,89289
4294870,8655
2625835,74611
1107983,1420732
226366,2505685
19,8349
13301,2997772
536272,8349
1123616,226366
1407495,3899975
107322,2609664
1331,558300
1739,944390
1736,3162019
1331,1477006
50576,89289
3173,3338
20155,3084
106730,14320
1494522,3087
1245,2378181
118372,4425482
1368795,65717
1331,2699101
2207,226366
12214,9206
1672438,65717
3,42570
124013,14320
1476566,65717
1352,3
110380,139459
15372,97823
1245,2074999
1469491,78576
17633,52057
1083979,145073
18471,59164
1407498,15899
1736,6725
2098141,8349
5542275,7202
4854340,8655
151529,3
13301,551989
65553,96170
198150,89289
107322,1941315
12214,16850
1583396,75131
201838,571562
1736,22132
104471,97823
2081307,2778
1107983,3189350
1222639,97823
1102260,88620
100597,15899
1019,6122
1280997,52057
226366,25072
2975,3087
2975,5542264
165362,80874
1739,2483701
1245,3894
3,3432147
4001066,8349
216140,73831
12401,3087
24343,3
108988,884
1245,2991107
107322,4137464
216140,51990
1245,55934
3173,4259880
10367,884
14320,67524
1736,71010
1136406,1245
19506,571562
3004081,57799
1407495,74748
1736,183519
1209247,2975
110380,5287066
1245,17604
107322,4137465
1245,13242
1245,1265796
1245,91267
1107983,2803017
107515,4167812
532988,65553
1357063,6384
14320,87119
13301,89193
1331,214372
1032,7202
11480,3087
226366,3978
160474,1739
1295858,2778
6542,89289
1331,2032189
14320,77018
106800,226366
1219863,97823
226366,59055
1245,2298444
2975,84496
13301,3565401
13301,36424
2313192,3087
1331,173500
1006721,1776
2975,65553
141,3
1036,8350
226366,73421
1246314,3084
4301591,74611
1209254,9380
1037373,1736
1427089,226366
128154,226366
1241073,218366
8655,91843
1179911,13301
1245,375719
1097645,1331
8349,9573
13301,4719
1107983,5554632
1736,30791
24697,3087
1484044,571562
1245,36669
7132,8655
1736,785
2128773,226366
123,1331
1736,187946
23627,8351
26223,97823
1137367,18471
1271,18471
118372,130566
276531,9893
1428152,18471
938121,97823
54421,89289
13301,63976
118372,558267
1600264,3
1234848,3087
1243,13301
204352,89289
11837,3
1461465,78576
124848,3
7081,9893
4854358,8655
152543,57799
1314165,89289
3,58208
1107983,20158
107322,227189
3084,5788
3263450,74611
1107296,118372
19742,2753357
102,884
110380,2668019
1240816,40839
1232033,13301
3,691
13301,1459321
54043,571562
13301,3968135
1649102,8655
1107983,5554794
1245,520
1271102,3
1229925,13301
128550,89289
1932297,226366
1204401,3173
1213339,15899
16106,80874
3173,7502
3084,65043
14320,3847006
119521,3173
571562,74949
3087,3414
19742,2291281
1222948,18471
13301,2997774
9372,9380
31309,3149
3087,46929
1245,524
1043858,1245
110411,2975
226366,978963
1245,492716
1036174,4613
3,693
532,543
5281328,97823
1245,2105647
1736,64136
13301,57124
19797,8349
71791,884
13301,141028
19742,2694264
226366,32905
97823,99600
1245,1939366
27647,3087
16178,1776
19742,2489178
1234966,13301
15899,557911
17764,8655
1271123,3
1036174,2975
1736,2400334
1348591,15899
1509682,39545
13301,7175
124131,3173
39012,8350
150111,334719
1245,6162
13301,235436
226366,2504634
114019,1348591
15899,2840871
35463,97823
4301538,74611
1407495,2577220
1574220,2778
1245,985212
1245,58954
1407495,5423530
15899,16376
44998,97823
110380,5287085
1407495,1811152
13023,219852
19742,5413708
16841,226366
5313718,65717
1343811,3087
1459881,8655
1246972,6384
13301,235434
1407498,97185
1245,2332577
1331,3067900
37526,7202
1245,56323
186229,3
1107983,3189455
13301,1388907
23038,8655
110380,1803854
226366,2376053
13301,77071
238713,65553
9892,9893
13301,68215
1107983,21112
26753,9380
8655,9289
1407495,98394
1245,216674
1739,49939
6384,67759
1245,34904
3,656
532,539
13301,47991
103853,2934928
1245,14991
1331,4461208
1260481,226366
1019,234895
1245,45651
114970,145073
1245,4135
1407498,192632
1436413,884
1271092,3
1482976,9893
1292487,1736
13301,929257
19742,2291237
10713,15899
3600048,65717
13869,97823
111270,13301
106187,3087
3,740
1046723,13301
1649563,1739
1013215,1107983
1086588,13301
107515,5593954
15899,63537
1896469,19742
14553,3087
110380,1508927
3,5064
1503043,3087
2098138,8349
1371552,18471
1245,236696
12214,2628647
216140,60074
14320,16216
1245,2466761
1392604,349
1331,2832842
226366,4094234
1245,22970
2250902,3
1331,2832858
27436,7202
1079558,1331
19507,571562
1168097,1245
334719,67392
13301,89289
8655,8669
38406,74611
15899,32395
1280985,52057
14320,147592
1776,2130
1736,1790647
121018,3084
15110,89289
1331,4461227
216140,500427
100716,13301
6394,9893
1031101,57799
2025044,97823
2778,29874
17306,2975
10402,8349
19742,5413736
1776,190
1185558,14320
226366,62861
1536524,8349
4774,89289
106908,97823
2639643,57799
1245,170918
1245,15838
1331,2832881
1391387,2975
1554054,8655
1514004,74611
1119079,19742
1331,1510769
1348591,3522256
2975,78576
1193833,97823
1331,4764482
1209245,1312315
1245,19610
4207972,8655
19742,3792345
5313739,65717
1331,1381
1499831,1736
1245,2975
1245,543530
45581,557552
11024,571562
19742,2476360
1245,3202311
1331,2753667
1142312,13301
1739,23882
1736,591
1245,2031105
1482977,9893
215737,97823
1331,4764439
102633,14320
1196533,226366
11367,8349
3,653
13301,73931
13301,199361
1717748,19742
568546,6384
1245,1338266
1331,2533562
2682390,74611
1407495,2975
1331,152548
19528,2778
1245,226366
4102426,571562
3084,4053939
1122374,89289
27563,3
2975,8655
1237372,3087
3,46432
1920,884
1537819,1739
1107983,2413592
1331,173370
1935541,52057
2778,76139
1356094,45581
884,91343
145073,25166
14320,3847018
1245,1411533
1331,61784
1671524,532
65717,996701
157865,884
3801,52057
3,3776
1245,83872
3084,68402
1221006,8655
1271060,3
13301,4406233
226366,6181
3,53714
194477,74611
3,47698
1736,4169740
1331,1440015
152636,3
1297402,18471
23986,9893
113916,226366
11669,1245
2109009,2778
1849289,97823
19742,5413762
132639,1331
2176,3
18471,2773114
110380,2266219
1473717,3
211454,884
13301,67750
156653,1736
1331,2553583
13301,5750132
1245,19655
12791,20907
1331,2089118
1478133,39545
18626,2778
1736,4931182
1245,63978
1736,72739
1188500,3084
1461460,78576
2727679,89289
75131,79692
112,3
1456280,65717
61835,8349
1116951,1736
227857,3
18471,19488
110380,5287076
216140,65919
39015,8350
13301,5359
14320,92280
1331,1976124
1331,2082679
18471,4344214
3087,7768
1245,995587
1748,97823
1348591,2535285
14320,34485
1776,2975
3084,8851
110,1331
1546229,226366
1736,562669
1187106,18471
571562,76621
1245,2762549
13301,3797285
12799,89289
1225872,1245
1323,1331
107515,5593955
107322,1234472
107322,2718858
226366,2395
145073,2008445
13301,27011
5293,884
24342,3
107322,1519728
103853,1744619
13301,2975
1229106,3
65310,89289
13301,70235
13301,19767
1245,2087863
1736,20494
1407498,2495673
51864,52057
170240,18471
1245,1480027
1114784,8655
3,4091766
132632,1331
2681502,571562
13301,2351412
12214,162413
1658385,74611
2975,9374
1233313,65717
1532,89289
1019,588175
1736,543819
13301,992668
18471,3026
1407486,2975
253085,7202
19742,2189549
110380,19011
143742,65717
2204531,226366
1107983,27765
1245,146748
1331,2832859
1107983,1375930
1209253,9380
1331,2832866
4301584,74611
154,1776
1245,3063
15832,334719
226366,76857
226366,58643
1331,186469
1073850,2975
173428,226366
52057,7488
1201399,1331
19742,81701
124617,8349
1188877,89289
1490615,3
2975,39545
1430038,3
107322,1156086
1776,19862
226366,64448
1585158,226366
1407495,1879642
1736,21484
145073,1915512
2681811,74611
181891,89289
2925874,97823
4102425,571562
230251,2778
11221,145073
1241330,65717
107322,2975
10606,80874
1741418,8349
13301,16450
143103,75131
13301,16866
1036174,5130337
42200,8655
1430048,3
97823,98647
15899,28633
13301,67274
334719,5460
13301,340
114,1331
171167,52057
4126101,97823
1218607,89289
28779,532
1102260,2975
8655,987839
118372,15899
1006168,13301
4301534,74611
1331,3138578
15899,3753745
1245,3171808
170384,226366
532,7187
7078,9893
1245,559
24880,52057
6939,884
287,884
1293990,97823
226366,2597017
1487328,8655
1211845,3
1648131,18471
1019,564610
1370757,226366
1736,65121
3087,3353549
1251990,78576
107322,3950926
71810,97823
1059572,118372
1865065,3173
1213336,15899
3,4818
4723,7202
2982082,97823
1999054,226366
1503038,3087
1736,3863345
1331,1511634
3084,4053945
1223489,13301
1407495,78816
1348591,1564846
1331,1484140
1808635,226366
13301,1408601
1739,60883
1689330,17306
1238818,89289
1331,41785
110380,1507609
16506,1739
559233,8655
2027645,884
1562344,74611
2975,8346
19742,65606
53828,571562
114334,75131
1937,52057
1736,227564
1245,211937
19742,5413694
170543,334719
1807,8350
1209245,1646464
3165802,7202
11007,12214
2975,530
4854324,8655
18471,2191249
1348591,1473281
1107983,5555017
23548,5406894
3042,97823
26993,571562
226366,23626
1237599,8349
227,3
1331,2832861
2703115,52057
3087,40349
1331,4461209
1473975,15899
1019,1240816
1245,550843
13301,82240
1407495,5423527
1107983,3386835
100604,97823
1280999,52057
1736,52885
14320,1573198
1736,95051
102413,1245
6203,74611
1107983,1623719
1238840,13301
123257,334719
1107983,3189432
15760,1736
1776,3037
1331,571568
1019,1442706
1348591,143240
1348591,2579527
145073,2244072
1019,1441931
4854327,8655
13301,533061
1583695,8655
532,534
1736,4038360
1197772,8349
1291961,1736
3087,3090
3600045,65717
7472,8655
7085,9893
107322,1082673
166489,78576
1331,2832879
1610514,74611
1331,4764432
13301,57637
1776,68212
150601,2778
1036174,89056
13301,1549008
1220323,3
107322,1417644
13301,22865
1736,2692405
111513,18471
2778,32785
2554196,39545
1331,1367
3,825
206,3
1133834,13301
1050881,1107983
10580,1209245
1664821,2975
19742,3009776
105207,31309
1107983,1767445
8655,8657
1603423,3
1503047,3087
1122373,89289
15758,89289
1032818,1407498
174037,8655
1430008,89289
17306,27650
1700685,65717
13301,967937
18471,4344219
3060462,57799
1328,532
3,5580
226366,4094197
136217,97823
226366,9209
1213573,226366
1036174,1089873
1407498,2522730
8655,8662
1245,83586
3,390158
1,3
1036174,1101345
532,538
1331,4461202
1188921,3173
4854323,8655
210773,968011
107322,540700
1107983,2866402
334719,3727557
107515,19210
18471,928638
18471,93527
1217125,1739
61110,884
1245,25600
180659,89289
1107983,1157634
1407495,3323136
1271074,3
1729761,1739
115089,13301
3387064,8350
1329,1331
1547309,1736
1245,62105
1407495,1568713
1736,239107
1613899,226366
1331,4461236
19742,5413734
334719,63646
57108,89289
1455497,18471
1054995,571562
118372,4425479
1126295,19742
3087,3093
1331,1667883
4226007,74611
36169,8349
89289,98568
107323,7202
1201835,9893
118372,35806
3084,66
70990,8349
1823116,97823
199356,3
3,83791
3087,9257
18471,185705
1245,212828
2778,4111373
1331,1349014
218366,9380
1736,2245154
3961526,97823
1006651,89289
80874,84327
12214,229606
2042242,7202
1019,2660596
14320,2975
13301,4169
3,35207
1348198,8655
159948,7202
1720614,1736
1736,35596
3229,8655
2975,3223431
1413509,1776
13301,4956
1209245,440943
1348591,3779590
1348591,964908
1071744,89289
226366,2439980
334719,89289
15899,2157
14320,156869
12214,1315036
155535,18471
1739,85869
1019,1442709
206919,226366
1443163,2778
1245,9195
118372,3991426
1392912,1736
2484939,349
1211997,2778
1452946,226366
2799039,89289
1245,1480044
13301,95494
12021,52605
1407495,5423529
3,98517
8655,8660
3603090,74611
19742,2291216
226366,571309
1036174,81129
13301,1730709
212562,2975
226366,2723084
107509,226366
586186,89289
15899,74611
13301,92911
19742,5606914
39545,5020898
1703174,226366
13301,1536655
1018947,1245
3,488
18471,1895
69054,80874
1136020,2778
102713,14320
1281000,52057
126750,7202
43943,97823
1348591,3206956
1245,3458268
1243782,226366
1424334,1736
226366,932967
118372,2779396
52057,552526
109,1331
30031,571562
1174001,884
1736,212689
1197682,13301
2285636,74611
13301,87255
4301543,74611
1407498,33
1245,16940
107322,1908138
218366,38782
19742,5413733
9376,9380
1542842,1736
207181,97823
2291136,74611
1981,52605
168402,3173
116123,3
15899,74428
1200963,1736
1331,1709871
3,741
54754,9893
1660421,17306
1245,234807
13301,1548448
13301,994240
7202,8350
1245,66780
15508,3173
1723197,89289
3173,41234
4854357,8655
110380,2076267
160627,3087
2671674,89289
3,666
1331,2295305
65553,7202
13301,35824
532,542
1567334,3084
1736,2234
110380,1247141
1351397,298410
52057,68927
1741423,8349
1331,1445876
1849417,349
39545,5037941
3,738
13301,162485
1107983,1213870
1102260,1658287
1245,129894
2778,956991
2975,9364
3,8844
13301,174875
1429986,3
3087,8490
31309,3147
1493,2778
38803,7202
2291253,74611
1188890,3
1107983,5554607
189580,349
1245,4360181
1492327,18471
103853,4096987
1235032,75131
1736,24360
1245,543261
1417,8349
3,33403
1019,4453
11803,884
18627,2778
105055,2778
934803,97823
1210675,210773
135467,1407498
1773397,65717
110380,5287087
1005050,13301
107515,17140
24537,9893
8349,96308
1245364,2778
3,670
2682393,74611
1470335,97823
1245,1447932
1217518,97823
1407495,2550593
7202,8246
16558,1739
1225424,8349
1736,547
1348591,5837138
1503042,3087
13301,71474
1331,2060839
14320,21522
13023,1385452
1299612,45581
32481,80874
119856,8349
1736,20354
3058383,65717
89289,971344
1545693,226366
1290590,19742
1331,4461224
1372066,298410
13301,4721
1377670,226366
1290895,3087
3155,8349
226366,4039080
2975,57925
1036174,227015
1209678,3087
1228353,78576
1776,7879
383,8349
13023,1674237
4854311,8655
15899,2975
3375910,65717
32458,7202
1195877,3087
107322,1238545
1503046,3087
12214,1371518
1231115,571562
110380,5287089
3,3432148
14849,3087
1245,80860
18471,98087
1271063,3
1245,14343
24435,3173
2059,8655
1245,17114
1617122,216140
13301,5281
1036174,3125
14320,194645
2975,75715
1245,182287
1188876,89289
18514,3
1348591,5733104
1390383,78576
1036174,15899
20906,349
571562,68728
10369,884
15373,226366
61399,89289
1331,2298746
12214,19302
3,6
1331,1440657
1229699,15899
46346,884
14320,172725
2098136,8349
1019,1442702
14320,3636870
1245,1817
1776,41381
10688,8655
1174004,884
1331,1419579
11804,884
1503048,3087
3,80745
1203261,18471
1107983,237876
1776,4173
7076,9893
1331,965278
884,90337
1291797,1736
1044955,97823
3173,64999
13301,2351409
13301,1730711
13301,1609111
1736,25446
571562,94926
52605,59175
3197718,532
1009298,7202
13301,2687964
8655,9783
1016168,12214
13301,21411
1016177,1331
1162802,8655
1218184,12791
166854,17306
3,493
19742,3619329
13301,216411
125938,1331
1448819,1736
1736,85151
107322,1492842
1407495,35751
4650530,65717
13301,3286540
24604,3087
226366,380
13301,78299
2354068,31309
3785,97823
112024,13301
18471,18473
118372,4425478
1407672,8655
1331,585902
3087,59364
1216187,89289
253414,7202
1271066,3
13301,79320
52057,6591
1736,62816
1348591,67601
1245,1308445
110380,5287080
1415957,3
107515,59156
226366,52021
11370,884
218366,92785
2778,3284
2554584,3
15074,52057
1168007,1407495
4854330,8655
1331,1378828
1245,1476065
1245,77330
1107983,5554925
1348591,5837139
1036174,1059009
127738,52057
85564,884
18471,99688
1116399,1331
1348591,3184544
1245,4442307
8349,928944
1230868,15899
1019,1442695
1339391,52057
4301590,74611
1739,63941
105056,2778
1174009,884
132357,3173
6384,9380
107515,1240816
105058,2778
131532,6384
1230632,3
13301,160573
2975,3787166
19742,3534277
110380,1189929
1245,19034
1739,2975
1245,22133
15425,3
187398,3
15899,18284
1331,4461214
55931,97823
6487,89289
3262387,97823
1209248,2975
4854367,8655
19281,226366
18471,200624
129561,13301
1331,20374
1582803,6384
13301,3427611
15899,804206
13301,1628863
100560,9893
13301,93279
53931,8351
13301,935955
334719,91432
1411596,18471
1219607,15899
32592,52057
1254614,884
1245,1502949
1245,208296
1245,52117
18471,4491
1348591,3006312
18629,2778
1407495,59568
107322,1110471
1271086,3
2048521,97823
1331,2089102
161301,3
154991,3173
1245,170756
6161,65717
1407495,15899
1245,931162
107322,1649651
151819,3
1245,5656
1036174,5130340
2681856,74611
1209249,9380
18471,6576
1460305,97823
4854365,8655
1245,144162
19207,8350
13301,30657
1274291,89289
1331,2832870
110589,2778
1135824,1331
1102260,1447280
52057,60158
107322,1497542
3084,74126
5542280,7202
40644,6384
3,8784
19742,2649735
3,74375
1029622,15899
2975,9893
1331457,1348591
45581,7202
1102260,87778
13301,5750192
1271073,3
1039523,1736
1331,1709870
3378960,52057
181214,9380
1723909,78576
13301,1492920
128191,3
2304728,74611
1407495,2599890
1201351,1331
85930,89289
1664716,226366
1107983,153636
1634510,97823
1331,882
19742,2694261
11807,884
1072798,1102260
1245,508
226366,2281904
1507755,1739
1055235,19742
1610814,97823
3,514
1221560,1736
116579,349
1245,2378192
34521,571562
226366,561869
1503044,3087
1198202,1736
1245,5552
133774,9893
571562,68278
1331,2832897
1739,99754
1407495,59229
82280,89289
1475362,2975
7202,80874
13301,2402807
1077068,13301
1653293,17306
1407495,4673542
1736,83854
2684385,89289
112286,1736
115723,57799
118372,2088457
105681,13301
3,4216135
1232250,1331
1068099,3087
1476863,226366
12214,2224
1407495,62817
532,9380
2101518,8655
1554520,97823
1082094,571562
13301,1459
13301,46433
1221841,8349
1292477,1736
2195140,226366
110380,5287090
1475362,226366
199842,7202
109453,334719
3084,62125
3197722,532
12214,1441182
2055,532
14320,87079
1544288,9893
118372,1722927
1245,49920
11181,1776
1214979,13301
118372,2087866
1331,5540
1331,81480
3,669
1245,45566
14812,3
145073,2781556
1331,4764474
12106,65717
1331,4461233
1331,1394450
9374,9380
1403118,3087
1956129,226366
110483,57799
109798,13301
1348591,2385103
24362,571562
22082,571562
564886,89289
3264451,7202
226366,2344237
1331,2593939
138897,15899
1488961,216140
206759,8349
4764,52057
230249,2778
3600049,65717
1221792,3
1348621,65553
1019,1442700
1407495,4673545
1493745,1736
1219219,13301
1107983,37710
58723,65717
1739,73424
1127372,1331
52057,97902
3618907,74611
65553,944329
13301,1332369
4854317,8655
1776,72861
1245,1448180
17882,884
2101522,8655
2682395,74611
1034310,7202
1245,51382
1708758,65553
20,226366
15899,58478
102786,1407498
1430007,3
334719,3357876
226366,74242
1209255,2975
1601441,1736
1209252,9380
13301,217371
1036174,5130339
1331,1370
23678,89289
1224999,97823
17306,5659013
1245,1924769
15899,77353
3,33032
1036174,56393
1331,3001672
1271076,3
1407498,53397
1107983,935103
13617,2778
1331,2082663
3087,3172
1736,2141
1779512,6384
127396,3
1348591,1980484
1513991,8349
1776,3265
12519,74611
2101515,8655
1406400,3
1410002,97823
12214,23458
1397846,8349
12214,1300639
77920,97823
2227,3
1877648,226366
13301,95353
58597,8349
1331,2700505
1245,1388591
573606,7202
3087,982089
1291968,1736
107322,1493615
571562,89966
14,74611
15757,15899
3,4945
107446,226366
1736,90498
145073,583281
101522,210773
1271062,3
76495,884
2765601,334719
8349,83825
1229438,17306
133858,3084
